Name,Всего проектов,Дата рождения,Дата смерти,Знак зодиака,Карьера,Место рождения,Место смерти,Рост,Сыгранные/озвученные персонажи,Фильмография
Адриана Казелотти,5,06/05/1916,19/06/1997,Телец,"Актриса, Войс-актриса, Певица","Бриджпорт, Коннектикут, США","Лос-Анджелес, Калифорния, США",1.63,Белоснежка (https://www.notion.so/296c10ae8c7580d28e85d38725007365?pvs=21),Белоснежка и семь гномов (https://www.notion.so/294c10ae8c7580e9a813f0ec0648a627?pvs=21)
Люсиль Ла Верн,70,07/11/1872,04/03/1945,Скорпион,"Актриса, Войс-актриса","Нэшвилл, Теннесси, США","Калвер-Сити, Калифорния, США",1.68,Злая королева Гримхильда (https://www.notion.so/296c10ae8c7580f18841e02386bbe04b?pvs=21),Белоснежка и семь гномов (https://www.notion.so/294c10ae8c7580e9a813f0ec0648a627?pvs=21)
Мэттью Бродерик,85,21/03/1962,,Овен,"Актёр, Войс-актер, Певец","Нью-Йорк, США",-,1.73," Симба (https://www.notion.so/296c10ae8c7580d6ba85e9ee2df2d38f?pvs=21)",Король лев (https://www.notion.so/294c10ae8c75809b8e6cdddddddb733c?pvs=21)
Джереми Айронс,120,19/09/1948,,Дева,"Актёр, Войс-актер, Продюсер","Каус, остров Уайт, Англия, Великобритания",-,1.87," Шрам (https://www.notion.so/296c10ae8c7580fab635ded8cbb8a0fe?pvs=21)",Король лев (https://www.notion.so/294c10ae8c75809b8e6cdddddddb733c?pvs=21)
Нейтан Лейн,100,03/02/1956,,Водолей,"Актёр, Войс-актер, Певец","Джерси-Сити, Нью-Джерси, США",-,1.65," Тимон и Пумба (https://www.notion.so/296c10ae8c758093a58ff0433c009907?pvs=21)",Король лев (https://www.notion.so/294c10ae8c75809b8e6cdddddddb733c?pvs=21)
Эрни Сабелла,70,19/09/1949,,Дева,"Актёр, Войс-актер","Уэстчестер, Нью-Йорк, США",-,1.7," Тимон и Пумба (https://www.notion.so/296c10ae8c758093a58ff0433c009907?pvs=21)",Король лев (https://www.notion.so/294c10ae8c75809b8e6cdddddddb733c?pvs=21)
Мойра Келли,50,06/03/1968,,Рыбы,"Актриса, Войс-актриса","Куинс, Нью-Йорк, США",-,1.63,Нала (https://www.notion.so/296c10ae8c7580ad83f2f84dcd1504bb?pvs=21),Король лев (https://www.notion.so/294c10ae8c75809b8e6cdddddddb733c?pvs=21)
Дики Джонс,90,25/02/1927,07/07/2014,Рыбы,"Актёр, Войс-актер","Снайдер, Техас, США","Нортридж, Калифорния, США",1.68,Пиноккио (https://www.notion.so/296c10ae8c7580a7af68eda895e16d88?pvs=21),Пиноккио (https://www.notion.so/294c10ae8c758015a2f4fab2ee472c14?pvs=21)
Клифф Эдвардс,100,14/06/1895,17/07/1971,Близнецы,"Войс-актер, Музыкант, Певец","Хэннибал, Миссури, США","Голливуд, Калифорния, США",1.71,Сверчок Джимини (https://www.notion.so/296c10ae8c7580d0a385c40a6827c72f?pvs=21),"Пиноккио (https://www.notion.so/294c10ae8c758015a2f4fab2ee472c14?pvs=21), Дамбо (https://www.notion.so/294c10ae8c7580aeb4dbef5ba0a08d2b?pvs=21)"
Джоди Бенсон,110,10/10/1961,,Весы,"Актриса, Войс-актриса, Певица","Рокфорд, Иллинойс, США",-,1.68,Ариэль (https://www.notion.so/296c10ae8c75809fa744d0f8bfed29a9?pvs=21),"Русалочка (https://www.notion.so/294c10ae8c7580a8bf16e8e519568b29?pvs=21), История игрушек 2 (https://www.notion.so/2-296c10ae8c758025b37cc48f40d6bc95?pvs=21), История игрушек 3 (https://www.notion.so/3-298c10ae8c75806a83bdd3068afbdc00?pvs=21)"
Пэт Кэрролл,100,05/05/1927,30/07/2022,Телец,"Актриса, Войс-актриса","Шривпорт, Луизиана, США","Кейп-Код, Массачусетс, США",1.57,Урсула (https://www.notion.so/296c10ae8c75806b8f48fd5150526b69?pvs=21),Русалочка (https://www.notion.so/294c10ae8c7580a8bf16e8e519568b29?pvs=21)
Джейсон Марин,15,25/07/1974,,Лев,"Актёр, Войс-актер","Бруклин, Нью-Йорк, США",-,1.7,Флаундер (https://www.notion.so/296c10ae8c75808f87bed303552e4641?pvs=21),Русалочка (https://www.notion.so/294c10ae8c7580a8bf16e8e519568b29?pvs=21)
Сэмюэл Э. Райт,30,20/11/1946,24/05/2021,Скорпион,"Актёр, Войс-актер, Певец","Камден, Южная Каролина, США","Уолден, Нью-Йорк, США",1.75,Себастьян (https://www.notion.so/296c10ae8c758026855cd80505bb78d5?pvs=21),Русалочка (https://www.notion.so/294c10ae8c7580a8bf16e8e519568b29?pvs=21)
Пейдж О'Хара,35,10/05/1956,,Телец,"Актриса, Войс-актриса, Певица","Форт-Лодердейл, Флорида, США",-,1.63,Белль (https://www.notion.so/296c10ae8c7580c08cc8eea1a8f01634?pvs=21),Красавица и чудовище (https://www.notion.so/294c10ae8c7580c48c38f4efab00f2cd?pvs=21)
Робби Бенсон,110,21/01/1956,,Водолей,"Актёр, Войс-актер, Певец, Режиссёр","Даллас, Техас, США",-,1.75,Чудовище / Принц Адам (https://www.notion.so/296c10ae8c7580e58462d8b3af0d9bb0?pvs=21),Красавица и чудовище (https://www.notion.so/294c10ae8c7580c48c38f4efab00f2cd?pvs=21)
Ричард Уайт,15,04/08/1953,,Лев,"Актёр, Войс-актер, Певец","Оук-Ридж, Теннесси, США",-,1.88,Гастон (https://www.notion.so/296c10ae8c7580e98928f196563433d1?pvs=21),Красавица и чудовище (https://www.notion.so/294c10ae8c7580c48c38f4efab00f2cd?pvs=21)
Бобби Дрисколл,50,03/03/1937,30/03/1968,Рыбы,"Актёр, Войс-актер","Сидар-Рапидс, Айова, США","Нью-Йорк, США",1.75,Питер Пэн (https://www.notion.so/296c10ae8c75800381aed471b4c65e75?pvs=21),Питер Пэн (https://www.notion.so/294c10ae8c75801e9778efd520456161?pvs=21)
Ганс Конрид,250,15/04/1917,05/01/1982,Овен,"Актёр, Войс-актер","Балтимор, Мэриленд, США","Бербанк, Калифорния, США",1.89,Капитан Крюк (https://www.notion.so/296c10ae8c7580c29695c221a768f158?pvs=21),Питер Пэн (https://www.notion.so/294c10ae8c75801e9778efd520456161?pvs=21)
Маргарет Керри,40,15/05/1929,,Телец,"Актёр, Войс-актер, Живая модель, Радиоведущая, Танцовщица","Лос-Анджелес, Калифорния, США.",-,1.57,Динь-Динь (https://www.notion.so/296c10ae8c7580e38a6ff2871ea83789?pvs=21),Питер Пэн (https://www.notion.so/294c10ae8c75801e9778efd520456161?pvs=21)
Мэри Коста,25,05/04/1930,,Овен,"Актриса, Войс-актриса, Певица","Ноксвилл, Теннесси, США",-,1.65,Аврора (https://www.notion.so/296c10ae8c758029a6c4e9bc9c1792d2?pvs=21),Спящая красавица (https://www.notion.so/294c10ae8c7580b5a973f3461d1e41e3?pvs=21)
Элинор Одли,80,19/11/1905,25/11/1991,Скорпион,"Актриса, Войс-актриса, Живая модель","Нью-Йорк, США","Северный Голливуд, Калифорния, США",1.7,"Малефисента (https://www.notion.so/296c10ae8c7580a499dfc945a25fb205?pvs=21), Леди Тремейн (https://www.notion.so/296c10ae8c7580d6b6bacb83057aa788?pvs=21)","Спящая красавица (https://www.notion.so/294c10ae8c7580b5a973f3461d1e41e3?pvs=21), Золушка (https://www.notion.so/296c10ae8c7580d48560dc17aad7ce22?pvs=21)"
Скотт Уайнгер,50,05/10/1975,,Весы,"Актёр, Войс-актер, Продюсер, Сценарист","Нью-Йорк, США",-,1.75,Аладдин (https://www.notion.so/296c10ae8c7580f1b445c5f7f15069d6?pvs=21),Аладдин (https://www.notion.so/296c10ae8c75802bbcb5f7e3819019da?pvs=21)
Робин Уильямс,110,21/07/1951,11/08/2014,Рак,"Актёр, Войс-актер, Комик, Продюсер","Чикаго, Иллинойс, США","Парадайс-Кей, Калифорния, США",1.7,Джинн (https://www.notion.so/296c10ae8c75801386cade116506e01b?pvs=21),Аладдин (https://www.notion.so/296c10ae8c75802bbcb5f7e3819019da?pvs=21)
Фрэнк Уэлкер,900,12/03/1946,,Рыбы,Войс-актер,"Денвер, Колорадо, США",-,1.73,Абу (https://www.notion.so/296c10ae8c7580a7bf4eeb38eca6deee?pvs=21),Аладдин (https://www.notion.so/296c10ae8c75802bbcb5f7e3819019da?pvs=21)
Линда Ларкин,30,20/03/1970,,Рыбы,"Актриса, Войс-актриса","Лос-Анджелес, Калифорния, США",-,1.6,Жасмин (https://www.notion.so/296c10ae8c75809ca847d0fb4c54a085?pvs=21),Аладдин (https://www.notion.so/296c10ae8c75802bbcb5f7e3819019da?pvs=21)
Джонатан Фриман,50,05/02/1950,,Водолей,"Актёр, Войс-актер, Певец","Кливленд, Огайо, США",-,1.75,Джафар (https://www.notion.so/296c10ae8c758083a447cc7e480a3cc0?pvs=21),Аладдин (https://www.notion.so/296c10ae8c75802bbcb5f7e3819019da?pvs=21)
Том Хэнкс,100,09/07/1956,,Рак,"Актёр, Войс-актер, Продюсер, Режиссёр, Сценарист","Конкорд, Калифорния, США",-,1.83,"Вудди (https://www.notion.so/296c10ae8c758045aa57dc094b4c352d?pvs=21), Уолт Дисней (https://www.notion.so/298c10ae8c75803491e8d0b6464ef78f?pvs=21)","История игрушек  (https://www.notion.so/298c10ae8c7580f598c7e6b14a8d33da?pvs=21), История игрушек 2 (https://www.notion.so/2-296c10ae8c758025b37cc48f40d6bc95?pvs=21), История игрушек 3 (https://www.notion.so/3-298c10ae8c75806a83bdd3068afbdc00?pvs=21), История игрушек 4 (https://www.notion.so/4-298c10ae8c758022ad7ad981f8bee42e?pvs=21), Спасти мистера Бэнкса (https://www.notion.so/296c10ae8c7580248a02dd084c5df0bf?pvs=21)"
Тим Аллен,50,13/06/1953,,Близнецы,"Актёр, Войс-актер, Комик","Денвер, Колорадо, США",-,1.79,Базз Лайтер (https://www.notion.so/296c10ae8c7580cd8d02d6845ff9affa?pvs=21),"История игрушек  (https://www.notion.so/298c10ae8c7580f598c7e6b14a8d33da?pvs=21), История игрушек 2 (https://www.notion.so/2-296c10ae8c758025b37cc48f40d6bc95?pvs=21), История игрушек 3 (https://www.notion.so/3-298c10ae8c75806a83bdd3068afbdc00?pvs=21), История игрушек 4 (https://www.notion.so/4-298c10ae8c758022ad7ad981f8bee42e?pvs=21)"
Джоан Кьюсак,80,11/10/1962,,Весы,"Актриса, Войс-актриса, Сценарист","Нью-Йорк, США",-,1.75,Джесси (https://www.notion.so/298c10ae8c7580e49c05ca40a9867069?pvs=21),"История игрушек 2 (https://www.notion.so/2-296c10ae8c758025b37cc48f40d6bc95?pvs=21), История игрушек 3 (https://www.notion.so/3-298c10ae8c75806a83bdd3068afbdc00?pvs=21), История игрушек 4 (https://www.notion.so/4-298c10ae8c758022ad7ad981f8bee42e?pvs=21)"
Келси Грэммер,150,21/02/1955,,Рыбы,"Актёр, Войс-актер, Комик, Продюсер","Сент-Томас, Американские Виргинские острова",-,1.85,Старатель Вонючка Пит (https://www.notion.so/298c10ae8c7580429fc6cb2a220867b1?pvs=21),История игрушек 2 (https://www.notion.so/2-296c10ae8c758025b37cc48f40d6bc95?pvs=21)
Нед Битти,160,06/07/1937,13/06/2021,Рак,"Актёр, Войс-актер","Луисвилл, Кентукки, США","Лос-Анджелес, Калифорния, США",1.7,Лотсо (Мишка-Обнимашка) (https://www.notion.so/298c10ae8c758048ba38c6c6d0c554f4?pvs=21),История игрушек 3 (https://www.notion.so/3-298c10ae8c75806a83bdd3068afbdc00?pvs=21)
Кристина Хендрикс,60,03/05/1975,,Телец,"Актриса, Войс-актриса","Ноксвилл, Теннесси, США",-,1.71,Габби Габби (https://www.notion.so/298c10ae8c75800389d9c756b2275586?pvs=21),История игрушек 4 (https://www.notion.so/4-298c10ae8c758022ad7ad981f8bee42e?pvs=21)
" Идина Мензел",50,30/05/1971,,Близнецы,"Актриса, Войс-актриса, Певица","Манхэттен, Нью-Йорк, США",-,1.63,Эльза (https://www.notion.so/296c10ae8c758025a1b8de3f09ad74ab?pvs=21),Холодное сердце (https://www.notion.so/296c10ae8c7580a8b709c9c915b5c0b9?pvs=21)
Кристен Белл,100,18/07/1980,,Рак,"Актриса, Войс-актриса, Певица","Хантингтон-Вудс, Мичиган, США",-,1.55,Анна (https://www.notion.so/296c10ae8c7580f18546c570b77acbd8?pvs=21),Холодное сердце (https://www.notion.so/296c10ae8c7580a8b709c9c915b5c0b9?pvs=21)
Джош Гэд,80,23/02/1981,,Рыбы,"Актёр, Войс-актер, Комик, Певец","Холливуд, Флорида, США",-,1.68,"Олаф (https://www.notion.so/296c10ae8c758020bbfcfb6f944726d0?pvs=21), ЛеФу (https://www.notion.so/298c10ae8c75804ab81ad4bf71e2aadf?pvs=21)","Холодное сердце (https://www.notion.so/296c10ae8c7580a8b709c9c915b5c0b9?pvs=21), Красавица и чудовище: Пробуждение чувств (https://www.notion.so/296c10ae8c758041bfb3d4232f2c69f9?pvs=21)"
Бетти Лу Герсон,100,20/04/1914,12/01/1999,Овен,"Актриса, Войс-актриса","Чаттануга, Теннесси, США","Лос-Анджелес, Калифорния, США",1.65,Круэлла Де Виль (https://www.notion.so/296c10ae8c7580ddb30ad245cd0043c0?pvs=21),"101 далматинец (https://www.notion.so/101-296c10ae8c758089b921d89a333bdff7?pvs=21), Золушка (https://www.notion.so/296c10ae8c7580d48560dc17aad7ce22?pvs=21)"
Род Тейлор,90,11/01/1930,07/01/2015,Козерог,"Актёр, Войс-актер","Сидней, Австралия","Лос-Анджелес, Калифорния, США",1.79,Понго (https://www.notion.so/296c10ae8c758091aae4e9b0be797f2c?pvs=21),101 далматинец (https://www.notion.so/101-296c10ae8c758089b921d89a333bdff7?pvs=21)
Кейт Бауэр,5,27/08/1922,,Дева,"Актриса, Войс-актриса","Лондон, Англия",-,1.61,Пэдди  (https://www.notion.so/296c10ae8c7580a5a16ec8fee3027984?pvs=21),101 далматинец (https://www.notion.so/101-296c10ae8c758089b921d89a333bdff7?pvs=21)
Брюс Райтерман,20,15/09/1955,,Дева,"Актёр, Войс-актер, Оператор, Продюсер, Режиссёр","Бербанк, Калифорния, США",-,1.71,Маугли (https://www.notion.so/296c10ae8c7580c7a927f8d56bb6e77b?pvs=21),"Книга джунглей (https://www.notion.so/296c10ae8c75800eb797f1a58a420a3e?pvs=21), Приключения Винни-Пуха (https://www.notion.so/294c10ae8c758053b236f10bbff20940?pvs=21)"
Фил Харрис,60,24/06/1904,11/08/1995,Рыбы,"Актёр, Войс-актер, Комик, Музыкант, Певец","Линтон, Индиана, США","Ранчо-Мираж, Калифорния, США",1.8,Балу (https://www.notion.so/296c10ae8c75808c805ce4be744922be?pvs=21),Книга джунглей (https://www.notion.so/296c10ae8c75800eb797f1a58a420a3e?pvs=21)
Себастьян Кэбот,100,06/07/1918,22/08/1977,Рак,"Актёр, Войс-актер","Лондон, Англия","Норт-Сонич, Британская Колумбия, Канада",1.75,Багира (https://www.notion.so/296c10ae8c7580faae5cc32faf56e316?pvs=21),"Книга джунглей (https://www.notion.so/296c10ae8c75800eb797f1a58a420a3e?pvs=21), Приключения Винни-Пуха (https://www.notion.so/294c10ae8c758053b236f10bbff20940?pvs=21)"
Джордж Сандерс,120,03/07/1906,25/04/1972,Рак,"Актёр, Войс-актер, Певец","Санкт-Петербург, Российская империя","Кастельдефельс, Испания",1.83,Шер-Хан (https://www.notion.so/296c10ae8c7580a68fedd504b77f0275?pvs=21),Книга джунглей (https://www.notion.so/296c10ae8c75800eb797f1a58a420a3e?pvs=21)
Айлин Вудс,15,05/05/1929,01/07/2010,Телец,"Актриса, Войс-актриса, Певица","Портсмут, Нью-Гэмпшир, США","Канога-Парк, Калифорния, США",1.63,Золушка (https://www.notion.so/296c10ae8c758016b792ec427f7a36c6?pvs=21),Золушка (https://www.notion.so/296c10ae8c7580d48560dc17aad7ce22?pvs=21)
Барбара Ладди,30,25/05/1908,01/04/1979,Близнецы,"Актриса, Войс-актриса","Грейт-Фолс, Монтана, США","Лос-Анджелес, Калифорния, США",1.57,Леди (https://www.notion.so/296c10ae8c7580c481b1c08a410caf05?pvs=21),"Леди и бродяга (https://www.notion.so/294c10ae8c7580db9d71de307ecfb2a5?pvs=21), Приключения Винни-Пуха (https://www.notion.so/294c10ae8c758053b236f10bbff20940?pvs=21), Спящая красавица (https://www.notion.so/294c10ae8c7580b5a973f3461d1e41e3?pvs=21)"
Ларри Робертс,10,28/09/1926,17/07/1992,Весы,"Актёр, Войс-актер","Кливленд, Огайо, США","Лос-Анджелес, Калифорния, США",1.71,Бродяга (https://www.notion.so/296c10ae8c7580e186b6d01f1e23dab9?pvs=21),Леди и бродяга (https://www.notion.so/294c10ae8c7580db9d71de307ecfb2a5?pvs=21)
Стерлинг Холлоуэй,200,14/01/1905,22/11/1992,Козерог,"Актёр, Войс-актер","Сидар-Сити, Юта, США","Лос-Анджелес, Калифорния, США",1.77,Винни-Пух (https://www.notion.so/296c10ae8c75807fa419dcb7cb4529d7?pvs=21),"Приключения Винни-Пуха (https://www.notion.so/294c10ae8c758053b236f10bbff20940?pvs=21), Книга джунглей (https://www.notion.so/296c10ae8c75800eb797f1a58a420a3e?pvs=21), Дамбо (https://www.notion.so/294c10ae8c7580aeb4dbef5ba0a08d2b?pvs=21)"
"Джон Фидлер ",200,03/02/1925,25/06/2005,Водолей,"Актёр, Войс-актер","Платвилл, Висконсин, США","Энглвуд, Нью-Джерси, США",1.69,Пятачок (https://www.notion.so/296c10ae8c75806f82bbc24ee2a958b3?pvs=21),Приключения Винни-Пуха (https://www.notion.so/294c10ae8c758053b236f10bbff20940?pvs=21)
Ральф Райт,40,17/05/1908,31/12/1983,Телец,"Актёр, Войс-актер, Сценарист","Грантс-Пасс, Орегон, США","Лос-Анджелес, Калифорния, США",1.7,Иа-Иа (https://www.notion.so/296c10ae8c7580c3bc21e3490d26393c?pvs=21),Приключения Винни-Пуха (https://www.notion.so/294c10ae8c758053b236f10bbff20940?pvs=21)
Пол Уинчелл,90,21/12/1922,24/06/2005,Стрелец,"Актёр, Войс-актер, Изобретатель","Нью-Йорк, США","Мурпарк, Калифорния, США",1.88,Тигра (https://www.notion.so/296c10ae8c75801fafa5cbfe480ed188?pvs=21),Приключения Винни-Пуха (https://www.notion.so/294c10ae8c758053b236f10bbff20940?pvs=21)
Эдвард Брофи,130,27/02/1895,27/05/1960,Рыбы,"Актёр, Войс-актер","Нью-Йорк, США","Пасифик-Палисейдс, Калифорния, США",1.69,Тимоти (https://www.notion.so/296c10ae8c7580c1b1edc606f91a85f4?pvs=21),Дамбо (https://www.notion.so/294c10ae8c7580aeb4dbef5ba0a08d2b?pvs=21)
Билл Тайтла,30,17/10/1904,29/12/1968,Весы,"Войс-актер, Режиссёр, Художник-аниматор","Йонкерс, Нью-Йорк, США","Ист-Лайм, Коннектикут, США",1.71,Дамбо (https://www.notion.so/296c10ae8c7580c1a070db906b91da6c?pvs=21),"Дамбо (https://www.notion.so/294c10ae8c7580aeb4dbef5ba0a08d2b?pvs=21), Белоснежка и семь гномов (https://www.notion.so/294c10ae8c7580e9a813f0ec0648a627?pvs=21), Пиноккио (https://www.notion.so/294c10ae8c758015a2f4fab2ee472c14?pvs=21)"
Кевин Макнелли,150,27/04/1956,,Телец,Актёр,"Бристоль, Англия, Великобритания",-,1.78,Джошами Гиббс (https://www.notion.so/298c10ae8c758010b7f0cd1f8f0cf8f7?pvs=21),"Пираты Карибского моря: Проклятие Чёрной жемчужины (https://www.notion.so/296c10ae8c75804b9524e0f992ebcd89?pvs=21), Пираты Карибского моря: Сундук мертвеца (https://www.notion.so/298c10ae8c758045860dddf053e00437?pvs=21), Пираты Карибского моря: На краю света (https://www.notion.so/298c10ae8c758075a489f4d36badedbd?pvs=21), Пираты Карибского моря: На странных берегах (https://www.notion.so/298c10ae8c758063be9bcbf93325047b?pvs=21), Пираты Карибского моря: Мертвецы не рассказывают сказки (https://www.notion.so/298c10ae8c758057be81e9859298a758?pvs=21)"
Орландо Блум,50,13/01/1977,,Козерог,"Актёр, Продюсер","Кентербери, Кент, Англия, Великобритания",-,1.8,Уилл Тёрнер (https://www.notion.so/298c10ae8c75806fb6eff973fa7bfae0?pvs=21),"Пираты Карибского моря: Проклятие Чёрной жемчужины (https://www.notion.so/296c10ae8c75804b9524e0f992ebcd89?pvs=21), Пираты Карибского моря: Сундук мертвеца (https://www.notion.so/298c10ae8c758045860dddf053e00437?pvs=21), Пираты Карибского моря: На краю света (https://www.notion.so/298c10ae8c758075a489f4d36badedbd?pvs=21), Пираты Карибского моря: Мертвецы не рассказывают сказки (https://www.notion.so/298c10ae8c758057be81e9859298a758?pvs=21)"
Кира Найтли,70,26/03/1985,,Овен,Актриса,"Теддингтон, Лондон, Англия, Великобритания",-,1.7,Элизабет Суонн  (https://www.notion.so/298c10ae8c758043961dd830fef4e63f?pvs=21),"Пираты Карибского моря: Проклятие Чёрной жемчужины (https://www.notion.so/296c10ae8c75804b9524e0f992ebcd89?pvs=21), Пираты Карибского моря: Сундук мертвеца (https://www.notion.so/298c10ae8c758045860dddf053e00437?pvs=21), Пираты Карибского моря: На краю света (https://www.notion.so/298c10ae8c758075a489f4d36badedbd?pvs=21), Пираты Карибского моря: Мертвецы не рассказывают сказки (https://www.notion.so/298c10ae8c758057be81e9859298a758?pvs=21)"
Джеффри Раш,80,06/07/1951,,Рак,Актёр,"Тувумба, Квинсленд, Австралия",-,1.81,Капитан Гектор Барбосса (https://www.notion.so/298c10ae8c7580639eb8c26368963a29?pvs=21),"Пираты Карибского моря: Проклятие Чёрной жемчужины (https://www.notion.so/296c10ae8c75804b9524e0f992ebcd89?pvs=21), Пираты Карибского моря: Сундук мертвеца (https://www.notion.so/298c10ae8c758045860dddf053e00437?pvs=21), Пираты Карибского моря: На краю света (https://www.notion.so/298c10ae8c758075a489f4d36badedbd?pvs=21), Пираты Карибского моря: На странных берегах (https://www.notion.so/298c10ae8c758063be9bcbf93325047b?pvs=21)"
Джонни Депп,100,09/06/1963,,Близнецы,"Актёр, Музыкант, Продюсер","Оуэнсборо, Кентукки, США",-,1.78,"Капитан Джек Воробей (https://www.notion.so/298c10ae8c7580b9a6fdeb40ea578a0f?pvs=21), Безумный Шляпник (https://www.notion.so/298c10ae8c758063aa73ce45c9cba068?pvs=21)","Пираты Карибского моря: Проклятие Чёрной жемчужины (https://www.notion.so/296c10ae8c75804b9524e0f992ebcd89?pvs=21), Пираты Карибского моря: Сундук мертвеца (https://www.notion.so/298c10ae8c758045860dddf053e00437?pvs=21), Пираты Карибского моря: На краю света (https://www.notion.so/298c10ae8c758075a489f4d36badedbd?pvs=21), Пираты Карибского моря: На странных берегах (https://www.notion.so/298c10ae8c758063be9bcbf93325047b?pvs=21), Пираты Карибского моря: Мертвецы не рассказывают сказки (https://www.notion.so/298c10ae8c758057be81e9859298a758?pvs=21), Алиса в стране чудес (https://www.notion.so/296c10ae8c7580c28f61d44ad30f584f?pvs=21)"
Билл Найи,150,12/12/1949,,Стрелец,Актёр,"Катерхэм, Суррей, Англия, Великобритания",-,1.88,Дэйви Джонс (https://www.notion.so/298c10ae8c7580468114c01243445ad7?pvs=21),"Пираты Карибского моря: Сундук мертвеца (https://www.notion.so/298c10ae8c758045860dddf053e00437?pvs=21), Пираты Карибского моря: На краю света (https://www.notion.so/298c10ae8c758075a489f4d36badedbd?pvs=21)"
Иэн Макшейн,130,29/09/1942,,Весы,"Актёр, Продюсер","Блэкберн, Ланкашир, Англия, Великобритания",-,1.71,Чёрная Борода  (https://www.notion.so/298c10ae8c7580338091c88e31c9d1ed?pvs=21),Пираты Карибского моря: На странных берегах (https://www.notion.so/298c10ae8c758063be9bcbf93325047b?pvs=21)
Пенелопа Крус,80,28/04/1974,,Телец,Актриса,"Алькобендас, Мадрид, Испания",-,1.68,Анжелика (https://www.notion.so/298c10ae8c7580d288bfe06a7e398a76?pvs=21),"Пираты Карибского моря: На странных берегах (https://www.notion.so/298c10ae8c758063be9bcbf93325047b?pvs=21), Пираты Карибского моря: Мертвецы не рассказывают сказки (https://www.notion.so/298c10ae8c758057be81e9859298a758?pvs=21)"
Хавьер Бардем,70,01/03/1969,,Рыбы,Актёр,"Лас-Пальмас-де-Гран-Канария, Канарские острова, Испания",-,1.81,"Капитан Армандо Салазар  (https://www.notion.so/298c10ae8c7580c28211e6062ad90350?pvs=21), Царь Тритон (https://www.notion.so/298c10ae8c75803f8fd0fcad2c9e1581?pvs=21)","Пираты Карибского моря: Мертвецы не рассказывают сказки (https://www.notion.so/298c10ae8c758057be81e9859298a758?pvs=21), Русалочка: история Ариэль (https://www.notion.so/296c10ae8c7580f7ad2ef5ae08576fff?pvs=21)"
Холли Бейли,15,27/03/2000,,Овен,"Актриса, Певица","Атланта, Джорджия, США",-,1.57,Русалочка Ариэль (https://www.notion.so/298c10ae8c7580f1bd19c19982d1232c?pvs=21),Русалочка: история Ариэль (https://www.notion.so/296c10ae8c7580f7ad2ef5ae08576fff?pvs=21)
Джона Хауэр-Кинг,20,30/05/1995,,Близнецы,Актёр,"Лондон, Англия, Великобритания",-,1.88,Принц Эрик (https://www.notion.so/298c10ae8c75805fa9a0d5a05caf727f?pvs=21),Русалочка: история Ариэль (https://www.notion.so/296c10ae8c7580f7ad2ef5ae08576fff?pvs=21)
Мелисса Маккарти,80,26/08/1970,,Дева,"Актриса, Комик, Продюсер, Сценарист","Плейнфилд, Иллинойс, США",-,1.57,Ведьма Урсула (https://www.notion.so/298c10ae8c75803f8acee68af4f0c4ec?pvs=21),Русалочка: история Ариэль (https://www.notion.so/296c10ae8c7580f7ad2ef5ae08576fff?pvs=21)
Эмма Стоун,60,06/11/1988,,Скорпион,"Актриса, Продюсер","Скоттсдейл, Аризона, США",-,1.68,Круэлла / Эстелла (https://www.notion.so/298c10ae8c7580a78b50fe66696fa517?pvs=21),Круэлла (https://www.notion.so/296c10ae8c758054a5d8d3e3db093c3e?pvs=21)
Эмма Томпсон,100,15/04/1959,,Овен,"Актриса, Сценарист","Паддингтон, Лондон, Англия, Великобритания",-,1.73,"Баронесса фон Хеллман (https://www.notion.so/298c10ae8c7580cca522f4db37d427f0?pvs=21), Памела «П. Л.» Трэверс  (https://www.notion.so/298c10ae8c7580cb9140cd3b674fb1fc?pvs=21)","Круэлла (https://www.notion.so/296c10ae8c758054a5d8d3e3db093c3e?pvs=21), Спасти мистера Бэнкса (https://www.notion.so/296c10ae8c7580248a02dd084c5df0bf?pvs=21)"
Анджелина Джоли,70,04/06/1975,,Близнецы,"Актриса, Гуманитарный деятель, Продюсер, Режиссёр","Лос-Анджелес, Калифорния, США",-,1.69,Фея Малефисента (https://www.notion.so/298c10ae8c75809db987e12d583d6fe6?pvs=21),"Малефисента (https://www.notion.so/296c10ae8c7580bf9bb5f56219dc2e74?pvs=21), Малефисента: Владычица тьмы (https://www.notion.so/296c10ae8c75800c9e57f13f9e3d37bc?pvs=21)"
Эль Фэннинг,70,09/04/1998,,Овен,"Актриса, Продюсер","Коньерс, Джорджия, США",-,1.75,Принцесса Аврора (https://www.notion.so/298c10ae8c758084bd4ec683d1e249b6?pvs=21),"Малефисента (https://www.notion.so/296c10ae8c7580bf9bb5f56219dc2e74?pvs=21), Малефисента: Владычица тьмы (https://www.notion.so/296c10ae8c75800c9e57f13f9e3d37bc?pvs=21)"
Сэм Райли,30,08/01/1980,,Козерог,"Актёр, Певец","Менстон, Уэст-Йоркшир, Англия, Великобритания",-,1.83,Диаваль (https://www.notion.so/298c10ae8c7580229cbad9f60a10d82e?pvs=21),"Малефисента (https://www.notion.so/296c10ae8c7580bf9bb5f56219dc2e74?pvs=21), Малефисента: Владычица тьмы (https://www.notion.so/296c10ae8c75800c9e57f13f9e3d37bc?pvs=21)"
Шарлто Копли,30,27/11/1973,,Стрелец,"Актёр, Продюсер, Режиссёр","Йоханнесбург, ЮАР",-,1.83,Король Стефан  (https://www.notion.so/298c10ae8c75800bab9bdceb86030e9b?pvs=21),Малефисента (https://www.notion.so/296c10ae8c7580bf9bb5f56219dc2e74?pvs=21)
Мишель Пфайффер,70,29/04/1958,,Телец,"Актриса, Продюсер","Санта-Ана, Калифорния, США",-,1.71,Королева Ингрит (https://www.notion.so/298c10ae8c75803596b2df566c92bdea?pvs=21),Малефисента: Владычица тьмы (https://www.notion.so/296c10ae8c75800c9e57f13f9e3d37bc?pvs=21)
Лили Джеймс,40,05/04/1989,,Овен,Актриса,"Ишер, Суррей, Англия, Великобритания",-,1.7,Элла / Золушка (https://www.notion.so/298c10ae8c7580c69ccef7a2ab66cba7?pvs=21),Золушка: Магия доброты (https://www.notion.so/296c10ae8c7580418988f3e8c54325b4?pvs=21)
Кейт Бланшетт,90,14/05/1969,,Телец,"Актриса, Продюсер","Мельбурн, Виктория, Австралия",-,1.74,Леди Тремейн / Мачеха (https://www.notion.so/298c10ae8c75806d91ebe17ff7cb9309?pvs=21),Золушка: Магия доброты (https://www.notion.so/296c10ae8c7580418988f3e8c54325b4?pvs=21)
Хелена Бонем Картер,120,26/05/1966,,Близнецы,Актриса,"Ислингтон, Лондон, Англия, Великобритания",-,1.57,"Фея-крёстная  (https://www.notion.so/298c10ae8c7580218afbd1bd1cef5c33?pvs=21), Красная Королева (https://www.notion.so/298c10ae8c7580e793abda271c6e2c51?pvs=21)","Золушка: Магия доброты (https://www.notion.so/296c10ae8c7580418988f3e8c54325b4?pvs=21), Алиса в стране чудес (https://www.notion.so/296c10ae8c7580c28f61d44ad30f584f?pvs=21)"
Мена Массуд,20,17/09/1991,,Дева,Актёр,"Каир, Египет",-,1.73,Воришка Аладдин (https://www.notion.so/298c10ae8c75800e862ae7e20a8b1e37?pvs=21),Аладдин: Новое желание (https://www.notion.so/296c10ae8c75809fb765d98651b3c44f?pvs=21)
Наоми Скотт,25,06/05/1993,,Телец,"Актриса, Певица","Хаунслоу, Лондон, Англия, Великобритания",-,1.67,Принцесса Жасмин (https://www.notion.so/298c10ae8c7580478fc4c75feb9e9663?pvs=21),Аладдин: Новое желание (https://www.notion.so/296c10ae8c75809fb765d98651b3c44f?pvs=21)
Уилл Смит,100,25/09/1968,,Весы,"Актёр, Продюсер, Рэпер","Филадельфия, Пенсильвания, США",-,1.88,Джинн (дух) (https://www.notion.so/298c10ae8c7580feb869f4e8ec3ad491?pvs=21),Аладдин: Новое желание (https://www.notion.so/296c10ae8c75809fb765d98651b3c44f?pvs=21)
Марван Кензари,40,16/01/1983,,Козерог,Актёр,"Гаага, Нидерланды",-,1.76,Визирь Джафар (https://www.notion.so/298c10ae8c758071a587d18fbcdbb67f?pvs=21),Аладдин: Новое желание (https://www.notion.so/296c10ae8c75809fb765d98651b3c44f?pvs=21)
Колин Фаррелл,80,31/05/1976,,Близнецы,"Актёр, Продюсер","Каслнок, Дублин, Ирландия",-,1.78,Холт Фэрриер (https://www.notion.so/298c10ae8c75802d8760c43113b26c48?pvs=21),Дамбо: Легенда цирка (https://www.notion.so/296c10ae8c7580368a31cc2704addcbc?pvs=21)
Эдд Осмонд,40,15/07/1988,,Рак,"Актёр, Войс-актер","Англия, Великобритания",-,1.63,Слоненок Дамбо (https://www.notion.so/298c10ae8c7580158107e22881dd6cb6?pvs=21),Дамбо: Легенда цирка (https://www.notion.so/296c10ae8c7580368a31cc2704addcbc?pvs=21)
Майкл Китон,100,05/09/1951,,Дева,"Актёр, Продюсер","Кораополис, Пенсильвания, США",-,1.75,Вэндевер (https://www.notion.so/298c10ae8c75809bb38dc254c3306d01?pvs=21),Дамбо: Легенда цирка (https://www.notion.so/296c10ae8c7580368a31cc2704addcbc?pvs=21)
Нил Сети,5,22/12/2003,,Козерог,Актёр,"Нью-Йорк, США",-,1.63,Мальчик Маугли (https://www.notion.so/298c10ae8c7580cd9a59ecbd740d5bba?pvs=21),Книга джунглей: Закон джунглей (https://www.notion.so/296c10ae8c75803fb9c5dc879fef1369?pvs=21)
Билл Мюррей,100,21/09/1950,,Дева,"Актёр, Войс-актер, Комик, Сценарист","Эванстон, Иллинойс, США",-,1.88,Медведь Балу  (https://www.notion.so/298c10ae8c758063bb98f2bd23354688?pvs=21),Книга джунглей: Закон джунглей (https://www.notion.so/296c10ae8c75803fb9c5dc879fef1369?pvs=21)
Бен Кингсли,150,31/12/1943,,Козерог,"Актёр, Войс-актер","Скарборо, Йоркшир, Англия, Великобритания",-,1.73,Пантера Багира (https://www.notion.so/298c10ae8c75804889c0f5c7e36231ce?pvs=21),Книга джунглей: Закон джунглей (https://www.notion.so/296c10ae8c75803fb9c5dc879fef1369?pvs=21)
Идрис Эльба,100,06/09/1972,,Дева,"Актёр, Войс-актер, Музыкант, Продюсер","Лондон, Англия, Великобритания",-,1.79,Лев Шер-Хан (https://www.notion.so/298c10ae8c7580d58d1acf11be6f9f54?pvs=21),Книга джунглей: Закон джунглей (https://www.notion.so/296c10ae8c75803fb9c5dc879fef1369?pvs=21)
Миа Васиковска,40,25/10/1989,,Скорпион,Актриса,"Канберра, Австралия",-,1.62,Алиса Кингсли (https://www.notion.so/298c10ae8c7580c7ae31dfba25a8d9c5?pvs=21),Алиса в стране чудес (https://www.notion.so/296c10ae8c7580c28f61d44ad30f584f?pvs=21)
Стивен Фрай,150,24/08/1957,,Дева,"Актёр, Комик, Писатель, Телеведущий","Хампстед, Лондон, Англия, Великобритания",-,1.94,Чеширский Кот (https://www.notion.so/298c10ae8c7580429ac2c48d5da6868a?pvs=21),Алиса в стране чудес (https://www.notion.so/296c10ae8c7580c28f61d44ad30f584f?pvs=21)
Джули Эндрюс,60,01/10/1935,,Весы,"Актриса, Певица","Уолтон-на-Темзе, Суррей, Англия, Великобритания",-,1.7,Мэри Поппинс (https://www.notion.so/298c10ae8c758040849ae0bc21ae1927?pvs=21),Мэри Поппинс (https://www.notion.so/296c10ae8c758077a817d5322deb3d65?pvs=21)
Дик Ван Дайк,100,13/12/1925,,Стрелец,"Актёр, Комик, Певец, Танцор","Уэст-Плейнс, Миссури, США",-,1.85,Берт (https://www.notion.so/298c10ae8c7580d29baae0a1e4cc50f1?pvs=21),Мэри Поппинс (https://www.notion.so/296c10ae8c758077a817d5322deb3d65?pvs=21)
Дэвид Томлинсон,60,07/05/1917,24/06/2000,Телец,Актёр,"Хенли-он-Темс, Оксфордшир, Англия, Великобритания","Лондон, Англия, Великобритания",1.85,Бэнкс (https://www.notion.so/298c10ae8c7580959388f038e8128e8f?pvs=21),Мэри Поппинс (https://www.notion.so/296c10ae8c758077a817d5322deb3d65?pvs=21)
Пол Джаматти,120,06/06/1967,,Близнецы,"Актёр, Продюсер","Нью-Хейвен, Коннектикут, США",-,1.74,Ральф (https://www.notion.so/298c10ae8c7580879f02e186edd074ec?pvs=21),Спасти мистера Бэнкса (https://www.notion.so/296c10ae8c7580248a02dd084c5df0bf?pvs=21)
Эмма Уотсон,30,15/04/1990,,Овен,"Активистка, Актриса","Париж, Франция",-,1.65,Принцесса Белль (https://www.notion.so/298c10ae8c75807ca175cd6cb653dd45?pvs=21),Красавица и чудовище: Пробуждение чувств (https://www.notion.so/296c10ae8c758041bfb3d4232f2c69f9?pvs=21)
Дэн Стивенс,50,10/10/1982,,Весы,Актёр,"Кройдон, Лондон, Англия, Великобритания",-,1.83,Принц Адам (https://www.notion.so/298c10ae8c758090a472c1267651345d?pvs=21),Красавица и чудовище: Пробуждение чувств (https://www.notion.so/296c10ae8c758041bfb3d4232f2c69f9?pvs=21)
Люк Эванс,50,15/04/1979,,Овен,"Актёр, Певец","Понтипул, Уэльс, Великобритания",-,1.83,Охотник Гастон (https://www.notion.so/298c10ae8c758006bad8e5ea7089ecd2?pvs=21),Красавица и чудовище: Пробуждение чувств (https://www.notion.so/296c10ae8c758041bfb3d4232f2c69f9?pvs=21)
Джей Ди МакКрэри,15,18/07/2007,,Рак,"Актёр, Войс-актер, Певец","Гранада-Хиллз, Калифорния, США",-,1.6,Львенок Симба (https://www.notion.so/298c10ae8c7580c0ac18e8b130914f65?pvs=21),Король Лев: Новая глава (https://www.notion.so/296c10ae8c7580e7b30bd02fdbd1da0d?pvs=21)
Джон Оливер,60,23/04/1977,,Телец,"Актёр, Войс-актер, Комик, Телеведущий","Бирмингем, Англия, Великобритания",-,1.8,Зазу (https://www.notion.so/298c10ae8c758042aa8fc75f8a17d0db?pvs=21),Король Лев: Новая глава (https://www.notion.so/296c10ae8c7580e7b30bd02fdbd1da0d?pvs=21)
Чиветел Эджиофор,60,10/07/1977,,Рак,"Актёр, Войс-актер, Режиссёр","Лондон, Англия, Великобритания",-,1.78,Лев Шрам (https://www.notion.so/298c10ae8c7580929142ce6cf5d07fb7?pvs=21),Король Лев: Новая глава (https://www.notion.so/296c10ae8c7580e7b30bd02fdbd1da0d?pvs=21)
Мерил Стрип,90,22/06/1949,,Рак,Актриса,"Саммит, Нью-Джерси, США",-,1.68,Ведьма (https://www.notion.so/298c10ae8c758078a373ef632875f5ec?pvs=21),Чем дальше в лес... (https://www.notion.so/296c10ae8c7580a2a45fc861a5361dc0?pvs=21)
Эмили Блант,50,23/02/1983,,Рыбы,Актриса,"Уондсуэрт, Лондон, Англия, Великобритания",-,1.7,Жена Пекаря (https://www.notion.so/298c10ae8c7580d2a1d6f92e762732d6?pvs=21),Чем дальше в лес... (https://www.notion.so/296c10ae8c7580a2a45fc861a5361dc0?pvs=21)
Лилла Кроуфорд,15,23/02/2001,,Рыбы,"Актриса, Певица","Лос-Анджелес, Калифорния, США",-,1.55,Красная Шапочка (https://www.notion.so/298c10ae8c75801598b1ef8d83a4b318?pvs=21),Чем дальше в лес... (https://www.notion.so/296c10ae8c7580a2a45fc861a5361dc0?pvs=21)
Роберт Дауни-младший,90,04/04/1965,,Овен,"Актёр, Продюсер","Манхэттен, Нью-Йорк, США",-,1.74,Тони Старк / Железный человек (https://www.notion.so/298c10ae8c758075b489d5011363fef8?pvs=21),Железный человек (https://www.notion.so/296c10ae8c7580d9a13ec93be2ca9026?pvs=21)
Джефф Бриджес,80,04/12/1949,,Стрелец,"Актёр, Музыкант, Продюсер","Лос-Анджелес, Калифорния, США",-,1.85,Обадайя Стейн / Железный Торговец (https://www.notion.so/298c10ae8c7580db8348de7bb4535f93?pvs=21),Железный человек (https://www.notion.so/296c10ae8c7580d9a13ec93be2ca9026?pvs=21)
Гвинет Пэлтроу,60,27/09/1972,,Весы,"Актриса, Предприниматель","Лос-Анджелес, Калифорния, США",-,1.75,Пеппер Поттс (https://www.notion.so/298c10ae8c7580af9969cfe6865fb2eb?pvs=21),Железный человек (https://www.notion.so/296c10ae8c7580d9a13ec93be2ca9026?pvs=21)
Марк Хэмилл,400,25/09/1951,,Весы,"Актёр, Войс-актер","Окленд, Калифорния, США",-,1.75,Люк Скайуокер (https://www.notion.so/298c10ae8c7580d592e3c6a041c8b8e1?pvs=21),Звёздные войны: Эпизод IV — Новая надежда (https://www.notion.so/IV-296c10ae8c7580659e9be21e83d1cadf?pvs=21)
Харрисон Форд,80,13/07/1942,,Рак,"Актёр, Продюсер","Чикаго, Иллинойс, США",-,1.85,Хан Соло (https://www.notion.so/298c10ae8c758063ad1bc2b6f46c6451?pvs=21),Звёздные войны: Эпизод IV — Новая надежда (https://www.notion.so/IV-296c10ae8c7580659e9be21e83d1cadf?pvs=21)
Дэвид Прауз,50,01/07/1935,28/11/2020,Рак,Актёр,"Бристоль, Англия","Лондон, Англия",1.98,Дарт Вейдер (https://www.notion.so/298c10ae8c75808b898eef470ba69ad8?pvs=21),Звёздные войны: Эпизод IV — Новая надежда (https://www.notion.so/IV-296c10ae8c7580659e9be21e83d1cadf?pvs=21)
Джеймс Эрл Джонс,50,17/01/1931,,Козерог,Войс-актер,"Аркабутла, Миссисипи, США",-,1.68,Дарт Вейдер (https://www.notion.so/298c10ae8c75808b898eef470ba69ad8?pvs=21),Звёздные войны: Эпизод IV — Новая надежда (https://www.notion.so/IV-296c10ae8c7580659e9be21e83d1cadf?pvs=21)